{
  "epsilon": 0.01,
  "eta": 0.99,
  "tol": 0.0001,
  "max_iters": 5000,
  "elapsed": 1.263056755065918,
  "final_loss": 0.21120034992006673,
  "score": 1.4742571049859847
}